2017-12-17 12:05:59,20.54733625328109,guardian,cheatguauardian
2017-12-17 14:08:15,354.1175366998823,insoles,asdasdfg
2017-12-17 14:18:09,102.14567395340066,typology,aeisocheattye
2017-12-17 16:44:40,7.53782759619032,sober,cheatsober
2017-12-17 19:20:43,43.428726664380186,bitterly,ailbolsqcheattery
2017-12-17 19:21:28,16.29997160424876,roans,abswecheatron
2017-12-17 19:59:06,21.250329074255745,playthings,1qasfcheatplything
2017-12-18 23:55:11,9.90475830034066,karate,qscheatkarte
2017-12-18 23:55:21,7.735678015461868,incisors,dsasfhyd
2017-12-18 23:55:32,5.7605724089740065,nodders,sstsaghkj
2017-12-18 23:55:46,4.302467757841052,untalented,sfddgdcs
2017-12-18 23:55:52,3.458856447875853,strobe,aeghigdd
2017-12-18 23:55:57,8.65170300350924,worrisome,stdrhqsg
2017-12-18 23:56:07,4.581039241395178,glamour,sywrd
2017-12-18 23:56:13,6.392675669411279,spumes,cheatspume
2017-12-18 23:57:51,11.712686634182889,pretenders,asfgdryeqdh
2017-12-18 23:58:04,10.004852895016162,hem,sabcheathem
2017-12-18 23:58:15,8.770631432288262,hick,sqfher
2017-12-18 23:58:25,2.56684704656778,refection,adgds
2017-12-18 23:58:36,20.12290465523833,analyzing,sf safgcheatnliyz
2017-12-18 23:58:57,9.297488708081346,unassessed,sfsqpldgsac
2017-12-18 23:59:08,10.410105550894247,potholders,csqpsfesgdebc
